07092024080020, 14 "Stanley #2 Philips Screwdriver" 1 $6.95 0% $6.95 September 07, 2024, 08:00:20 PM EDT

07092024080513, 339921 "Yamaha KT 100 kart engine" 1 $950.00 0% $950.00 September 07, 2024, 08:05:13 PM EDT
07092024080513, RTX3452 "Laser Pointer" 1 $38.80 0% $38.80 September 07, 2024, 08:05:13 PM EDT
07092024080513, 268 "Sidi Wire 2 carbon shoes - size 48" 2 $499.99 0% $999.98 September 07, 2024, 08:05:13 PM EDT
07092024080513, 115693 "Colnago C64 - Mapei frame" 1 $7500.00 0% $7500.00 September 07, 2024, 08:05:13 PM EDT

07092024080629, 14 "Stanley #2 Philips Screwdriver" 1 $6.95 0% $6.95 September 07, 2024, 08:06:29 PM EDT
07092024080629, 339921 "Yamaha KT 100 kart engine" 1 $950.00 0% $950.00 September 07, 2024, 08:06:29 PM EDT

07092024080726, 268 "Sidi Wire 2 carbon shoes - size 48" 2 $499.99 0% $999.98 September 07, 2024, 08:07:26 PM EDT
07092024080726, 115694 "Colnago C68 - UAE frame" 1 $8500.00 0% $8500.00 September 07, 2024, 08:07:26 PM EDT
07092024080726, 47831 "8x10 picture frame" 20 $4.95 20% $79.20 September 07, 2024, 08:07:26 PM EDT
07092024080726, 2 "Tamiya 2oz paint - ferrari red" 2 $2.39 0% $4.78 September 07, 2024, 08:07:26 PM EDT

07092024083639, 65435689 "12x16 paper cutter with ruler" 45 $35.95 20% $1294.20 September 07, 2024, 08:36:39 PM EDT
07092024083639, 14909 "1/4in - 28tpi SS nuts" 2499 $1.00 20% $1999.20 September 07, 2024, 08:36:39 PM EDT
07092024083639, 14 "Stanley #2 Philips Screwdriver" 1 $6.95 0% $6.95 September 07, 2024, 08:36:39 PM EDT
07092024083639, 14 "Stanley #2 Philips Screwdriver" 5 $6.95 10% $31.27 September 07, 2024, 08:36:39 PM EDT

07092024092208, 14 "Stanley #2 Philips Screwdriver" 1 $6.95 0% $6.95 September 07, 2024, 09:22:08 PM EDT
07092024092208, RTX3452 "Laser Pointer" 1 $38.80 0% $38.80 September 07, 2024, 09:22:08 PM EDT
07092024092208, 22345532 "3 ft mini USB cable M-F" 321 $4.50 20% $1155.60 September 07, 2024, 09:22:08 PM EDT
07092024092208, 387 "Brachs butterscotch hard candy - 1 lb" 44 $4.50 20% $158.40 September 07, 2024, 09:22:08 PM EDT
07092024092208, 387 "Brachs butterscotch hard candy - 1 lb" 30 $4.50 20% $108.00 September 07, 2024, 09:22:08 PM EDT

07092024100429, 19981 "Pledge furniture polish 13oz" 2 $6.50 0% $13.00 September 07, 2024, 10:04:29 PM EDT
07092024100429, 3451 "Oakley Jawbreaker sunglasses" 18 $236.00 20% $3398.40 September 07, 2024, 10:04:29 PM EDT
07092024100429, 2190 "Hefty 30 gal with handles - box 40" 400 $19.00 20% $6080.00 September 07, 2024, 10:04:29 PM EDT

